{"name":"779acbe4-40b1-4cce-8845-a9ef22b397f7","id":"/providers/Microsoft.Flow/flows/779acbe4-40b1-4cce-8845-a9ef22b397f7","type":"Microsoft.Flow/flows","properties":{"apiId":"/providers/Microsoft.PowerApps/apis/shared_logicflows","displayName":"MetaMaze","definition":{"metadata":{"workflowEntityId":null,"creator":{"id":"50dd0263-649d-489a-9531-a6365877e5c6","type":"User","tenantId":"38b2ccf1-29ba-4774-bf3d-d1d8153c69ee"},"provisioningMethod":"FromDefinition","failureAlertSubscription":true,"clientLastModifiedTime":"2020-04-02T10:31:38.5707581Z"},"$schema":"https://schema.management.azure.com/providers/Microsoft.Logic/schemas/2016-06-01/workflowdefinition.json#","contentVersion":"1.0.0.0","parameters":{"$connections":{"defaultValue":{},"type":"Object"},"$authentication":{"defaultValue":{},"type":"SecureObject"}},"triggers":{"manual":{"type":"Request","kind":"Button","inputs":{"schema":{"type":"object","properties":{},"required":[]}}}},"actions":{"Get_Files":{"runAfter":{"Initialise_uncertainEntities":["Succeeded"]},"metadata":{"6e202211-2856-4d17-9ded-5beb8b8626b0":"/","flowSystemMetadata":{"swaggerOperationId":"ListFolder"}},"type":"ApiConnection","inputs":{"host":{"connection":{"name":"@json(decodeBase64(triggerOutputs().headers['X-MS-APIM-Tokens']))['$connections']['shared_filesystem_1']['connectionId']"},"api":{"runtimeUrl":"https://europe-002.azure-apim.net/apim/filesystem"}},"method":"get","path":"/datasets/default/folders/@{encodeURIComponent(encodeURIComponent('6e202211-2856-4d17-9ded-5beb8b8626b0'))}","authentication":{"type":"Raw","value":"@json(decodeBase64(triggerOutputs().headers['X-MS-APIM-Tokens']))['$ConnectionKey']"}}},"For_each_file":{"foreach":"@body('Get_Files')","actions":{"Add_filepath_to_files":{"runAfter":{},"type":"AppendToStringVariable","inputs":{"name":"files","value":"@items('For_each_file')?['Path']"}}},"runAfter":{"SendFiles":["Succeeded"]},"type":"Foreach"},"Initialise_files":{"runAfter":{},"type":"InitializeVariable","inputs":{"variables":[{"name":"files","type":"string"}]}},"If":{"actions":{"Send_Mail":{"runAfter":{},"metadata":{"flowSystemMetadata":{"swaggerOperationId":"SendEmailV3"}},"type":"ApiConnection","inputs":{"host":{"connection":{"name":"@json(decodeBase64(triggerOutputs().headers['X-MS-APIM-Tokens']))['$connections']['shared_sendmail']['connectionId']"},"api":{"runtimeUrl":"https://europe-002.azure-apim.net/apim/sendmail"}},"method":"post","body":{"to":"moutpessemier@hotmail.com","subject":"Some Entity Thresholds Were Not Reached","text":"<p>Hi there, this is your Metamaze upload report:<br>\n<br>\nSome entities were not extracted with a high enough certainity threshold: @{variables('uncertainEntities')}<br>\n<br>\nWe recommand you go check it Out.<br>\n<br>\nThe Metamaze Team<br>\n</p>","ishtml":true},"path":"/v3/mail/send","authentication":{"type":"Raw","value":"@json(decodeBase64(triggerOutputs().headers['X-MS-APIM-Tokens']))['$ConnectionKey']"}}},"Log_success":{"runAfter":{"Send_Mail":["Succeeded"]},"metadata":{"RDpcQmFjaGVsb3JQcm9lZlxJbXBsZW1lbnRhdGllXE1pY3Jvc29mdCBGbG93XGxvZy50eHQ=":"D:\\BachelorProef\\Implementatie\\Microsoft Flow\\log.txt","flowSystemMetadata":{"swaggerOperationId":"AppendFile"}},"type":"ApiConnection","inputs":{"host":{"connection":{"name":"@json(decodeBase64(triggerOutputs().headers['X-MS-APIM-Tokens']))['$connections']['shared_filesystem_2']['connectionId']"},"api":{"runtimeUrl":"https://europe-002.azure-apim.net/apim/filesystem"}},"method":"patch","body":"@{utcNow()}: Successfully sent mail and files","path":"/datasets/default/files/@{encodeURIComponent(encodeURIComponent('RDpcQmFjaGVsb3JQcm9lZlxJbXBsZW1lbnRhdGllXE1pY3Jvc29mdCBGbG93XGxvZy50eHQ='))}","authentication":{"type":"Raw","value":"@json(decodeBase64(triggerOutputs().headers['X-MS-APIM-Tokens']))['$ConnectionKey']"}}},"Write_Error_To_Log_File_2":{"runAfter":{"Send_Mail":["Failed","TimedOut"]},"metadata":{"RDpcQmFjaGVsb3JQcm9lZlxJbXBsZW1lbnRhdGllXE1pY3Jvc29mdCBGbG93XGxvZy50eHQ=":"D:\\BachelorProef\\Implementatie\\Microsoft Flow\\log.txt","flowSystemMetadata":{"swaggerOperationId":"AppendFile"}},"type":"ApiConnection","inputs":{"host":{"connection":{"name":"@json(decodeBase64(triggerOutputs().headers['X-MS-APIM-Tokens']))['$connections']['shared_filesystem_2']['connectionId']"},"api":{"runtimeUrl":"https://europe-002.azure-apim.net/apim/filesystem"}},"method":"patch","body":"@{utcNow()}: Something wnet wrong when sending an email.","path":"/datasets/default/files/@{encodeURIComponent(encodeURIComponent('RDpcQmFjaGVsb3JQcm9lZlxJbXBsZW1lbnRhdGllXE1pY3Jvc29mdCBGbG93XGxvZy50eHQ='))}","authentication":{"type":"Raw","value":"@json(decodeBase64(triggerOutputs().headers['X-MS-APIM-Tokens']))['$ConnectionKey']"}}}},"runAfter":{"For_each_file":["Succeeded"]},"else":{"actions":{"Log_success_2_":{"runAfter":{},"metadata":{"RDpcQmFjaGVsb3JQcm9lZlxJbXBsZW1lbnRhdGllXE1pY3Jvc29mdCBGbG93XGxvZy50eHQ=":"D:\\BachelorProef\\Implementatie\\Microsoft Flow\\log.txt","flowSystemMetadata":{"swaggerOperationId":"AppendFile"}},"type":"ApiConnection","inputs":{"host":{"connection":{"name":"@json(decodeBase64(triggerOutputs().headers['X-MS-APIM-Tokens']))['$connections']['shared_filesystem_2']['connectionId']"},"api":{"runtimeUrl":"https://europe-002.azure-apim.net/apim/filesystem"}},"method":"patch","body":"@{utcNow()}: Successfully send files","path":"/datasets/default/files/@{encodeURIComponent(encodeURIComponent('RDpcQmFjaGVsb3JQcm9lZlxJbXBsZW1lbnRhdGllXE1pY3Jvc29mdCBGbG93XGxvZy50eHQ='))}","authentication":{"type":"Raw","value":"@json(decodeBase64(triggerOutputs().headers['X-MS-APIM-Tokens']))['$ConnectionKey']"}}}}},"expression":{"not":{"equals":["@length(variables('uncertainEntities'))",0]}},"type":"If"},"Initialise_uncertainEntities":{"runAfter":{"Initialise_files":["Succeeded"]},"type":"InitializeVariable","inputs":{"variables":[{"name":"uncertainEntities","type":"string"}]}},"Write_Error_To_Log_File":{"runAfter":{"SendFiles":["Succeeded"]},"metadata":{"RDpcQmFjaGVsb3JQcm9lZlxJbXBsZW1lbnRhdGllXE1pY3Jvc29mdCBGbG93XGxvZy50eHQ=":"D:\\BachelorProef\\Implementatie\\Microsoft Flow\\log.txt","flowSystemMetadata":{"swaggerOperationId":"AppendFile"}},"type":"ApiConnection","inputs":{"host":{"connection":{"name":"@json(decodeBase64(triggerOutputs().headers['X-MS-APIM-Tokens']))['$connections']['shared_filesystem_2']['connectionId']"},"api":{"runtimeUrl":"https://europe-002.azure-apim.net/apim/filesystem"}},"method":"patch","body":"@{utcNow()}: Something went wrong whilst getting the files.","path":"/datasets/default/files/@{encodeURIComponent(encodeURIComponent('RDpcQmFjaGVsb3JQcm9lZlxJbXBsZW1lbnRhdGllXE1pY3Jvc29mdCBGbG93XGxvZy50eHQ='))}","authentication":{"type":"Raw","value":"@json(decodeBase64(triggerOutputs().headers['X-MS-APIM-Tokens']))['$ConnectionKey']"}}},"SendFiles":{"runAfter":{"Get_Files":["Succeeded"]},"metadata":{"flowSystemMetadata":{"swaggerOperationId":"post-sendfiles"}},"type":"ApiConnection","inputs":{"host":{"connection":{"name":"@json(decodeBase64(triggerOutputs().headers['X-MS-APIM-Tokens']))['$connections']['shared_metamaze-5f5074f4ea1a49fa23-5f5dc9cee8ab2b939d']['connectionId']"},"api":{"runtimeUrl":"https://europe-002.azure-apim.net/apim/metamaze-5f5074f4ea1a49fa23-5f5dc9cee8ab2b939d"}},"method":"post","path":"/SendFiles","authentication":{"type":"Raw","value":"@json(decodeBase64(triggerOutputs().headers['X-MS-APIM-Tokens']))['$ConnectionKey']"}}}}},"connectionReferences":{"shared_filesystem_1":{"connectionName":"shared-filesystem-51703df1-8658-4130-a902-52381070e273","source":"Invoker","id":"/providers/Microsoft.PowerApps/apis/shared_filesystem","tier":"NotSpecified"},"shared_sendmail":{"connectionName":"shared-sendmail-d2a231ec-8b60-4934-8dd5-e48473e9b8d6","source":"Invoker","id":"/providers/Microsoft.PowerApps/apis/shared_sendmail","tier":"NotSpecified"},"shared_filesystem_2":{"connectionName":"shared-filesystem-568747fe-0987-49a3-a705-6c2657a2167f","source":"Invoker","id":"/providers/Microsoft.PowerApps/apis/shared_filesystem","tier":"NotSpecified"},"shared_metamaze-5f5074f4ea1a49fa23-5f5dc9cee8ab2b939d":{"connectionName":"shared-metamaze-5f50-6a9872fd-fa15-4862-9c36-0ec7eca3b147","source":"Invoker","id":"/providers/Microsoft.PowerApps/apis/shared_metamaze-5f5074f4ea1a49fa23-5f5dc9cee8ab2b939d","tier":"NotSpecified"}},"flowFailureAlertSubscribed":false}}