{"name":"e1e81222-c16d-4426-90d9-2e77a1fa9c5f","id":"/providers/Microsoft.Flow/flows/e1e81222-c16d-4426-90d9-2e77a1fa9c5f","type":"Microsoft.Flow/flows","properties":{"apiId":"/providers/Microsoft.PowerApps/apis/shared_logicflows","displayName":"TriggerBased SendFiles","definition":{"metadata":{"workflowEntityId":null,"creator":{"id":"50dd0263-649d-489a-9531-a6365877e5c6","type":"User","tenantId":"38b2ccf1-29ba-4774-bf3d-d1d8153c69ee"},"provisioningMethod":"FromDefinition","failureAlertSubscription":true,"clientLastModifiedTime":"2020-04-23T10:19:56.6889006Z"},"$schema":"https://schema.management.azure.com/providers/Microsoft.Logic/schemas/2016-06-01/workflowdefinition.json#","contentVersion":"1.0.0.0","parameters":{"$connections":{"defaultValue":{},"type":"Object"},"$authentication":{"defaultValue":{},"type":"SecureObject"}},"triggers":{"New_file_added":{"recurrence":{"frequency":"Minute","interval":3},"splitOn":"@triggerBody()?['value']","metadata":{"flowSystemMetadata":{"swaggerOperationId":"GetOnNewFileItems"}},"type":"ApiConnection","inputs":{"host":{"connection":{"name":"@parameters('$connections')['shared_sharepointonline']['connectionId']"},"api":{"runtimeUrl":"https://europe-002.azure-apim.net/apim/sharepointonline"}},"method":"get","path":"/datasets/@{encodeURIComponent(encodeURIComponent('https://factionxyz0.sharepoint.com/sites/faktion-devs'))}/tables/@{encodeURIComponent(encodeURIComponent('d8f371f0-dc03-4270-a1d5-8be1c3d789a9'))}/onnewfileitems","authentication":"@parameters('$authentication')"}}},"actions":{"SendFilesSharePoint":{"runAfter":{"Add_to_files":["Succeeded"]},"metadata":{"flowSystemMetadata":{"swaggerOperationId":"sendfilesharepoint"}},"type":"ApiConnection","inputs":{"host":{"connection":{"name":"@parameters('$connections')['shared_sendfiles-5f5074f4ea1a49fa23-5f5dc9cee8ab2b939d']['connectionId']"},"api":{"runtimeUrl":"https://europe-002.azure-apim.net/apim/sendfiles-5f5074f4ea1a49fa23-5f5dc9cee8ab2b939d"}},"method":"post","body":{"files":"@variables('files')","bearerToken":"eyJhbGciOiJIUzI1NiIsInR5cCI6IkpXVCJ9.eyJwcm9qZWN0SWQiOiI1ZTczNTRiZDJhMDUzOTUyYzMwZmM2ZDciLCJvcmdhbmlzYXRpb25JZCI6IjVjY2FkNzE1MDc0Y2UyYjg1MGY2NDZkNSIsImlhdCI6MTU4NDYxODM1Nn0.k6-F4mn5-YqhnQxowvW-MNb3Ytwfz5386RnX4Y06KSg","organisationId":"5ccad715074ce2b850f646d5","projectId":"5e7354bd2a053952c30fc6d7"},"path":"/SendFilesSharePoint","authentication":"@parameters('$authentication')"}},"Parse_JSON":{"runAfter":{"SendFilesSharePoint":["Succeeded"]},"type":"ParseJson","inputs":{"content":"@body('SendFilesSharePoint')","schema":{"type":"object","properties":{"status":{"type":"string"},"documents":{"type":"array","items":{"type":"object","properties":{"entities":{"type":"array","items":{"type":"object","properties":{"confidence":{"type":"number"},"entityType":{"type":"object","properties":{"name":{"type":"string"}}}},"required":["confidence","entityType"]}},"documentType":{"type":"object","properties":{"threshold":{"type":"number"}}}},"required":["entities","documentType"]}}}}}},"For_each_document":{"foreach":"@body('Parse_JSON')?['documents']","actions":{"For_each_entity":{"foreach":"@items('For_each_document')?['entities']","actions":{"Check_confidence_against_threshold":{"actions":{"Add_to_uncertainEntites":{"runAfter":{},"type":"AppendToArrayVariable","inputs":{"name":"uncertainEntities","value":"@items('For_each_entity')?['entityType']?['name']"}}},"runAfter":{},"expression":{"less":["@items('For_each_entity')?['confidence']","@items('For_each_document')?['documentType']?['threshold']"]},"type":"If"}},"runAfter":{},"type":"Foreach"}},"runAfter":{"Parse_JSON":["Succeeded"]},"type":"Foreach"},"Get_new_file_content":{"runAfter":{"Initialise_uncertainEntities":["Succeeded"]},"metadata":{"flowSystemMetadata":{"swaggerOperationId":"GetFileContentByPath"}},"type":"ApiConnection","inputs":{"host":{"connection":{"name":"@parameters('$connections')['shared_sharepointonline']['connectionId']"},"api":{"runtimeUrl":"https://europe-002.azure-apim.net/apim/sharepointonline"}},"method":"get","path":"/datasets/@{encodeURIComponent(encodeURIComponent('https://factionxyz0.sharepoint.com/sites/faktion-devs'))}/GetFileContentByPath","queries":{"path":"@triggerBody()?['{FullPath}']","queryParametersSingleEncoded":true,"inferContentType":true},"authentication":"@parameters('$authentication')"}},"Initialise_files":{"runAfter":{},"type":"InitializeVariable","inputs":{"variables":[{"name":"files","type":"array"}]}},"Initialise_uncertainEntities":{"runAfter":{"Initialise_files":["Succeeded"]},"type":"InitializeVariable","inputs":{"variables":[{"name":"uncertainEntities","type":"array"}]}},"Build_up_correct_JSON":{"runAfter":{"Get_new_file_content":["Succeeded"]},"type":"Compose","inputs":{"content":"@body('Get_new_file_content')","name":"@triggerBody()?['{FilenameWithExtension}']"}},"Add_to_files":{"runAfter":{"Build_up_correct_JSON":["Succeeded"]},"type":"AppendToArrayVariable","inputs":{"name":"files","value":"@outputs('Build_up_correct_JSON')"}},"If_length_of_uncertainEntities_is_more_than":{"actions":{"Send_Mail":{"runAfter":{},"metadata":{"flowSystemMetadata":{"swaggerOperationId":"SendEmailV3"}},"type":"ApiConnection","inputs":{"host":{"connection":{"name":"@parameters('$connections')['shared_sendmail']['connectionId']"},"api":{"runtimeUrl":"https://europe-002.azure-apim.net/apim/sendmail"}},"method":"post","body":{"to":"moutpessemier@hotmail.com","subject":"Some Entity Thresholds Were Not Reached","text":"<p>Hi there, this is your Metamaze upload report:<br>\n<br>\nSome entities were not extracted with a high enough certainity threshold: @{variables('uncertainEntities')}<br>\n<br>\nWe recommand you go check it Out.<br>\n<br>\nThe Metamaze Team<br>\n</p>","ishtml":true},"path":"/v3/mail/send","authentication":"@parameters('$authentication')"}},"Log_succes_mail":{"runAfter":{"Send_Mail":["Succeeded"]},"metadata":{"RDpcQmFjaGVsb3JQcm9lZlxJbXBsZW1lbnRhdGllXE1pY3Jvc29mdCBGbG93XGxvZ19zaGFyZXBvaW50LnR4dA==":"D:\\BachelorProef\\Implementatie\\Microsoft Flow\\log_sharepoint.txt","flowSystemMetadata":{"swaggerOperationId":"AppendFile"}},"type":"ApiConnection","inputs":{"host":{"connection":{"name":"@parameters('$connections')['shared_filesystem_2']['connectionId']"},"api":{"runtimeUrl":"https://europe-002.azure-apim.net/apim/filesystem"}},"method":"patch","body":"@{utcNow()}: Succesfully sent mail and files\n","path":"/datasets/default/files/@{encodeURIComponent(encodeURIComponent('RDpcQmFjaGVsb3JQcm9lZlxJbXBsZW1lbnRhdGllXE1pY3Jvc29mdCBGbG93XGxvZ19zaGFyZXBvaW50LnR4dA=='))}","authentication":"@parameters('$authentication')"}},"Log_mail_error":{"runAfter":{"Send_Mail":["Failed","TimedOut"]},"metadata":{"RDpcQmFjaGVsb3JQcm9lZlxJbXBsZW1lbnRhdGllXE1pY3Jvc29mdCBGbG93XGxvZ19zaGFyZXBvaW50LnR4dA==":"D:\\BachelorProef\\Implementatie\\Microsoft Flow\\log_sharepoint.txt","flowSystemMetadata":{"swaggerOperationId":"AppendFile"}},"type":"ApiConnection","inputs":{"host":{"connection":{"name":"@parameters('$connections')['shared_filesystem_2']['connectionId']"},"api":{"runtimeUrl":"https://europe-002.azure-apim.net/apim/filesystem"}},"method":"patch","body":"@{utcNow()}:  Something went wrong when sending the email.\n","path":"/datasets/default/files/@{encodeURIComponent(encodeURIComponent('RDpcQmFjaGVsb3JQcm9lZlxJbXBsZW1lbnRhdGllXE1pY3Jvc29mdCBGbG93XGxvZ19zaGFyZXBvaW50LnR4dA=='))}","authentication":"@parameters('$authentication')"}}},"runAfter":{"For_each_document":["Succeeded"]},"else":{"actions":{"Log_succes":{"runAfter":{},"metadata":{"RDpcQmFjaGVsb3JQcm9lZlxJbXBsZW1lbnRhdGllXE1pY3Jvc29mdCBGbG93XGxvZ19zaGFyZXBvaW50LnR4dA==":"D:\\BachelorProef\\Implementatie\\Microsoft Flow\\log_sharepoint.txt","flowSystemMetadata":{"swaggerOperationId":"AppendFile"}},"type":"ApiConnection","inputs":{"host":{"connection":{"name":"@parameters('$connections')['shared_filesystem_2']['connectionId']"},"api":{"runtimeUrl":"https://europe-002.azure-apim.net/apim/filesystem"}},"method":"patch","body":"@{utcNow()}: Succesfully uploaded files.\n","path":"/datasets/default/files/@{encodeURIComponent(encodeURIComponent('RDpcQmFjaGVsb3JQcm9lZlxJbXBsZW1lbnRhdGllXE1pY3Jvc29mdCBGbG93XGxvZ19zaGFyZXBvaW50LnR4dA=='))}","authentication":"@parameters('$authentication')"}}}},"expression":{"not":{"equals":["@length(variables('uncertainEntities'))",0]}},"type":"If"},"Log_error":{"runAfter":{"SendFilesSharePoint":["Failed","TimedOut"]},"metadata":{"RDpcQmFjaGVsb3JQcm9lZlxJbXBsZW1lbnRhdGllXE1pY3Jvc29mdCBGbG93XGxvZ19zaGFyZXBvaW50X3RyaWdnZXIudHh0":"D:\\BachelorProef\\Implementatie\\Microsoft Flow\\log_sharepoint_trigger.txt","flowSystemMetadata":{"swaggerOperationId":"AppendFile"}},"type":"ApiConnection","inputs":{"host":{"connection":{"name":"@parameters('$connections')['shared_filesystem']['connectionId']"},"api":{"runtimeUrl":"https://europe-002.azure-apim.net/apim/filesystem"}},"method":"patch","body":"@{utcNow()}:  An error occurred when sending the files to the MetaMaze backend. @{body('SendFilesSharePoint')}\n","path":"/datasets/default/files/@{encodeURIComponent(encodeURIComponent('RDpcQmFjaGVsb3JQcm9lZlxJbXBsZW1lbnRhdGllXE1pY3Jvc29mdCBGbG93XGxvZ19zaGFyZXBvaW50X3RyaWdnZXIudHh0'))}","authentication":"@parameters('$authentication')"}}}},"connectionReferences":{"shared_sendfiles-5f5074f4ea1a49fa23-5f5dc9cee8ab2b939d":{"connectionName":"6a58e2ad3a32485884128cf752668086","source":"Embedded","id":"/providers/Microsoft.PowerApps/apis/shared_sendfiles-5f5074f4ea1a49fa23-5f5dc9cee8ab2b939d","tier":"NotSpecified"},"shared_sharepointonline":{"connectionName":"shared-sharepointonl-bd431044-7814-48e8-8d0d-cf3c44ed32a0","source":"Embedded","id":"/providers/Microsoft.PowerApps/apis/shared_sharepointonline","tier":"NotSpecified"},"shared_sendmail":{"connectionName":"shared-sendmail-d2a231ec-8b60-4934-8dd5-e48473e9b8d6","source":"Embedded","id":"/providers/Microsoft.PowerApps/apis/shared_sendmail","tier":"NotSpecified"},"shared_filesystem_2":{"connectionName":"shared-filesystem-568747fe-0987-49a3-a705-6c2657a2167f","source":"Embedded","id":"/providers/Microsoft.PowerApps/apis/shared_filesystem","tier":"NotSpecified"},"shared_filesystem":{"connectionName":"shared-filesystem-568747fe-0987-49a3-a705-6c2657a2167f","source":"Embedded","id":"/providers/Microsoft.PowerApps/apis/shared_filesystem","tier":"NotSpecified"}},"flowFailureAlertSubscribed":false}}